dataset_name,source_organization,source_url,retrieval_method,retrieved_at,coverage_start,coverage_end,raw_filename,sha256,license_or_terms,redistribution_allowed,notes
pbc_report_2006Q1,中国人民银行,https://www.pbc.gov.cn/eportal/fileDir/history_file/files/att_11620_1.pdf,requests download from PBC PDF attachment,2026-06-19T17:11:42+08:00,2006Q1,2006Q1,data\raw\pbc_reports\2006Q1_2006年第一季度中国货币政策执行报告.pdf,6271fe39a31aa0962e0f597d3e77a61a9b81da125acbeaa4a5e847276729c584,PBC public website; redistribution terms not separately confirmed,unknown,Official monetary policy implementation report PDF.
pbc_report_2006Q2,中国人民银行,https://www.pbc.gov.cn/eportal/fileDir/history_file/files/att_11621_1.pdf,requests download from PBC PDF attachment,2026-06-19T17:11:42+08:00,2006Q2,2006Q2,data\raw\pbc_reports\2006Q2_2006年第二季度中国货币政策执行报告.pdf,91c709f684116b2dbbd23f80cce1b3b0b6e200ab29b2f83a0f50a38ee8b6a587,PBC public website; redistribution terms not separately confirmed,unknown,Official monetary policy implementation report PDF.
pbc_report_2006Q3,中国人民银行,https://www.pbc.gov.cn/eportal/fileDir/history_file/files/att_11623_1.pdf,requests download from PBC PDF attachment,2026-06-19T17:11:42+08:00,2006Q3,2006Q3,data\raw\pbc_reports\2006Q3_2006年第三季度中国货币政策执行报告.pdf,8ff34a4756045bf7d647381adc39fe6352aacda912a4f48948bdc0fde885ee25,PBC public website; redistribution terms not separately confirmed,unknown,Official monetary policy implementation report PDF.
pbc_report_2006Q4,中国人民银行,https://www.pbc.gov.cn/eportal/fileDir/history_file/files/att_11624_1.pdf,requests download from PBC PDF attachment,2026-06-19T17:11:42+08:00,2006Q4,2006Q4,data\raw\pbc_reports\2006Q4_2006年第四季度中国货币政策执行报告.pdf,ed9af5eb7b967b6e0d7e3b9fe19c8bb7879708e156ab267f8dca9549b4d0cd80,PBC public website; redistribution terms not separately confirmed,unknown,Official monetary policy implementation report PDF.
pbc_report_2007Q1,中国人民银行,https://www.pbc.gov.cn/eportal/fileDir/history_file/files/att_11627_1.pdf,requests download from PBC PDF attachment,2026-06-19T17:11:42+08:00,2007Q1,2007Q1,data\raw\pbc_reports\2007Q1_2007年第一季度中国货币政策执行报告.pdf,94d6e6fae84d66c99992ad7139d0954a9f18c6bab39c5e63bdb0784931f318c2,PBC public website; redistribution terms not separately confirmed,unknown,Official monetary policy implementation report PDF.
pbc_report_2007Q2,中国人民银行,https://www.pbc.gov.cn/eportal/fileDir/history_file/files/att_11628_1.pdf,requests download from PBC PDF attachment,2026-06-19T17:11:42+08:00,2007Q2,2007Q2,data\raw\pbc_reports\2007Q2_2007年第二季度中国货币政策执行报告.pdf,30095f126295cebda945706fc4130ec6b864c714ff0e240850e82d211bc03571,PBC public website; redistribution terms not separately confirmed,unknown,Official monetary policy implementation report PDF.
pbc_report_2007Q3,中国人民银行,https://www.pbc.gov.cn/eportal/fileDir/history_file/files/att_11629_1.pdf,requests download from PBC PDF attachment,2026-06-19T17:11:42+08:00,2007Q3,2007Q3,data\raw\pbc_reports\2007Q3_2007年第三季度中国货币政策执行报告.pdf,d72f599a7d547c4d74a8387e6a344dc98d2271779f83c98bdc7da46b9d87cf5f,PBC public website; redistribution terms not separately confirmed,unknown,Official monetary policy implementation report PDF.
pbc_report_2007Q4,中国人民银行,https://www.pbc.gov.cn/eportal/fileDir/history_file/files/att_11630_1.pdf,requests download from PBC PDF attachment,2026-06-19T17:11:42+08:00,2007Q4,2007Q4,data\raw\pbc_reports\2007Q4_2007年第四季度中国货币政策执行报告.pdf,28f7d4b0e763ed380c8bbdec9eba4c7af1f5471761bcd409e7e4d7905d265ba0,PBC public website; redistribution terms not separately confirmed,unknown,Official monetary policy implementation report PDF.
pbc_report_2008Q1,中国人民银行,https://www.pbc.gov.cn/eportal/fileDir/history_file/files/att_11631_1.pdf,requests download from PBC PDF attachment,2026-06-19T17:11:42+08:00,2008Q1,2008Q1,data\raw\pbc_reports\2008Q1_2008年第一季度中国货币政策执行报告.pdf,dafab0c0d6d533367999b6015a6757e0429cc12076034b91b183be8fcbce8c53,PBC public website; redistribution terms not separately confirmed,unknown,Official monetary policy implementation report PDF.
pbc_report_2008Q2,中国人民银行,https://www.pbc.gov.cn/eportal/fileDir/history_file/files/att_11632_1.pdf,requests download from PBC PDF attachment,2026-06-19T17:11:42+08:00,2008Q2,2008Q2,data\raw\pbc_reports\2008Q2_2008年第二季度中国货币政策执行报告.pdf,57e3888258f21fc11867ca3b9bcae9f630b2e56030b968fb8601d2aa1756afef,PBC public website; redistribution terms not separately confirmed,unknown,Official monetary policy implementation report PDF.
pbc_report_2008Q3,中国人民银行,https://www.pbc.gov.cn/eportal/fileDir/history_file/files/att_11633_1.pdf,requests download from PBC PDF attachment,2026-06-19T17:11:42+08:00,2008Q3,2008Q3,data\raw\pbc_reports\2008Q3_2008年第三季度中国货币政策执行报告.pdf,b754b7fc058acb914d2d4816b645cc18e0680ebb0d1e062030faf4faa16c814d,PBC public website; redistribution terms not separately confirmed,unknown,Official monetary policy implementation report PDF.
pbc_report_2008Q4,中国人民银行,https://www.pbc.gov.cn/eportal/fileDir/history_file/files/att_11634_1.pdf,requests download from PBC PDF attachment,2026-06-19T17:11:42+08:00,2008Q4,2008Q4,data\raw\pbc_reports\2008Q4_2008年第四季度中国货币政策执行报告.pdf,51c2fc71869eee5e1e6f1fed73b184b4c9903b4ed03dd57b4cc3e75da5c0dd6a,PBC public website; redistribution terms not separately confirmed,unknown,Official monetary policy implementation report PDF.
pbc_report_2009Q1,中国人民银行,https://www.pbc.gov.cn/eportal/fileDir/image_public/UserFiles/zhengcehuobisi/upload/File/中国货币政策执行报告（2009年第一季度）.pdf,requests download from PBC PDF attachment,2026-06-19T17:11:42+08:00,2009Q1,2009Q1,data\raw\pbc_reports\2009Q1_2009年第一季度中国货币政策执行报告.pdf,ae2d082c236d115291b95d5702cb7967cd08261f861df2fb0fc414466c9c0b31,PBC public website; redistribution terms not separately confirmed,unknown,Official monetary policy implementation report PDF.
pbc_report_2009Q2,中国人民银行,https://www.pbc.gov.cn/eportal/fileDir/image_public/UserFiles/zhengcehuobisi/upload/File/《中国货币政策执行报告（2009年第二季度）》.pdf,requests download from PBC PDF attachment,2026-06-19T17:11:42+08:00,2009Q2,2009Q2,data\raw\pbc_reports\2009Q2_2009年第二季度中国货币政策执行报告.pdf,4d37835fa64e4973980f1a9e4bd213bbb68fceed06f84fffc43ae1f508d7cdf0,PBC public website; redistribution terms not separately confirmed,unknown,Official monetary policy implementation report PDF.
pbc_report_2009Q3,中国人民银行,https://www.pbc.gov.cn/eportal/fileDir/image_public/UserFiles/zhengcehuobisi/upload/File/中国货币政策执行报告（2009年第三季度）.pdf,requests download from PBC PDF attachment,2026-06-19T17:11:42+08:00,2009Q3,2009Q3,data\raw\pbc_reports\2009Q3_2009年第三季度中国货币政策执行报告.pdf,3ba2b3f3219f8930bd9ba53c8a87f15ec8a5675ab62913d3de2d45c2bbd702da,PBC public website; redistribution terms not separately confirmed,unknown,Official monetary policy implementation report PDF.
pbc_report_2009Q4,中国人民银行,https://www.pbc.gov.cn/eportal/fileDir/publish/573C64FF.pdf,requests download from PBC PDF attachment,2026-06-19T17:11:42+08:00,2009Q4,2009Q4,data\raw\pbc_reports\2009Q4_2009年第四季度中国货币政策执行报告.pdf,892e8114f21694357aa38d8cda3410accccd6a45da6168211d7f1dae30442d72,PBC public website; redistribution terms not separately confirmed,unknown,Official monetary policy implementation report PDF.
pbc_report_2010Q1,中国人民银行,https://www.pbc.gov.cn/eportal/fileDir/image_public/UserFiles/bangongting/upload/File/2010年第一季度货币政策执行报告.pdf,requests download from PBC PDF attachment,2026-06-19T17:11:42+08:00,2010Q1,2010Q1,data\raw\pbc_reports\2010Q1_2010年第一季度中国货币政策执行报告.pdf,c43efa9ee26315796c3afdcac401409b836048c6fb73f457721d89c40e4cc2f9,PBC public website; redistribution terms not separately confirmed,unknown,Official monetary policy implementation report PDF.
pbc_report_2010Q2,中国人民银行,https://www.pbc.gov.cn/eportal/fileDir/publish/bangongting/1283399041661/_fileupload/2560BDB3.pdf,requests download from PBC PDF attachment,2026-06-19T17:11:42+08:00,2010Q2,2010Q2,data\raw\pbc_reports\2010Q2_2010年第二季度中国货币政策执行报告.pdf,76966e0ca2ed12b9182e344793d19841a3ed922dbd36522214085363dddecd2b,PBC public website; redistribution terms not separately confirmed,unknown,Official monetary policy implementation report PDF.
pbc_report_2010Q3,中国人民银行,https://www.pbc.gov.cn/eportal/fileDir/image_public/UserFiles/goutongjiaoliu/upload/File/2010年第三季度中国货币政策执行报告.pdf,requests download from PBC PDF attachment,2026-06-19T17:11:42+08:00,2010Q3,2010Q3,data\raw\pbc_reports\2010Q3_2010年第三季度中国货币政策执行报告.pdf,e746e4895854173ab4b99ef29989ae631f308e80d015b2d7919d70e578ce1e4c,PBC public website; redistribution terms not separately confirmed,unknown,Official monetary policy implementation report PDF.
pbc_report_2010Q4,中国人民银行,https://www.pbc.gov.cn/eportal/fileDir/image_public/UserFiles/goutongjiaoliu/upload/File/2010年第四季度中国货币政策执行报告.pdf,requests download from PBC PDF attachment,2026-06-19T17:11:42+08:00,2010Q4,2010Q4,data\raw\pbc_reports\2010Q4_2010年第四季度中国货币政策执行报告.pdf,f5f7c56b01e84d67ff87cf352776d5353be97e414c5aa651cd52924121ab58b6,PBC public website; redistribution terms not separately confirmed,unknown,Official monetary policy implementation report PDF.
pbc_report_2011Q1,中国人民银行,https://www.pbc.gov.cn/eportal/fileDir/image_public/UserFiles/goutongjiaoliu/upload/File/2011年一季度中国货币政策执行报告(2).pdf,requests download from PBC PDF attachment,2026-06-19T17:11:42+08:00,2011Q1,2011Q1,data\raw\pbc_reports\2011Q1_2011年第一季度中国货币政策执行报告.pdf,db3471ad95b75496edba14f4fd7148f30d85da4b44c2979aaeb91a8e549846b8,PBC public website; redistribution terms not separately confirmed,unknown,Official monetary policy implementation report PDF.
pbc_report_2011Q2,中国人民银行,https://www.pbc.gov.cn/eportal/fileDir/image_public/UserFiles/zhengcehuobisi/upload/File/2011年第二季度中国货币政策执行报告.pdf,requests download from PBC PDF attachment,2026-06-19T17:11:42+08:00,2011Q2,2011Q2,data\raw\pbc_reports\2011Q2_2011年第二季度中国货币政策执行报告.pdf,e93775e220314b4c13d47cc8803782675d2c53bc3118c1f66ce7d1c3107b8b03,PBC public website; redistribution terms not separately confirmed,unknown,Official monetary policy implementation report PDF.
pbc_report_2011Q3,中国人民银行,https://www.pbc.gov.cn/eportal/fileDir/image_public/UserFiles/goutongjiaoliu/upload/File/2011年第三季度中国货币政策执行报告(1).pdf,requests download from PBC PDF attachment,2026-06-19T17:11:42+08:00,2011Q3,2011Q3,data\raw\pbc_reports\2011Q3_2011年第三季度中国货币政策执行报告.pdf,7968abdabeadab24ba97b1b13ed5655dbc39716b4bc3a9b30dc326d022db3ffd,PBC public website; redistribution terms not separately confirmed,unknown,Official monetary policy implementation report PDF.
pbc_report_2011Q4,中国人民银行,https://www.pbc.gov.cn/eportal/fileDir/image_public/UserFiles/goutongjiaoliu/upload/File/2011年第四季度中国货币政策执行报告20120215.pdf,requests download from PBC PDF attachment,2026-06-19T17:11:42+08:00,2011Q4,2011Q4,data\raw\pbc_reports\2011Q4_2011年第四季度中国货币政策执行报告.pdf,fa5818d55277cfa1f493974a8ae8f86ce8ebc041fb93aa8023406434fcfe5332,PBC public website; redistribution terms not separately confirmed,unknown,Official monetary policy implementation report PDF.
pbc_report_2012Q1,中国人民银行,https://www.pbc.gov.cn/eportal/fileDir/image_public/UserFiles/goutongjiaoliu/upload/File/2012年第一季度中国货币政策执行报告(1).pdf,requests download from PBC PDF attachment,2026-06-19T17:11:42+08:00,2012Q1,2012Q1,data\raw\pbc_reports\2012Q1_2012年第一季度中国货币政策执行报告.pdf,3d85ee86bc0dab2483f7440fbf9052b9ece94ff0a7476e938a52d3419032fbd4,PBC public website; redistribution terms not separately confirmed,unknown,Official monetary policy implementation report PDF.
pbc_report_2012Q2,中国人民银行,https://www.pbc.gov.cn/eportal/fileDir/image_public/UserFiles/goutongjiaoliu/upload/File/2012年第二季度中国货币政策执行报告.pdf,requests download from PBC PDF attachment,2026-06-19T17:11:42+08:00,2012Q2,2012Q2,data\raw\pbc_reports\2012Q2_2012年第二季度中国货币政策执行报告.pdf,2c222f4693e23316a353a631e823683857a3da40726db8ba786c75bde2af270e,PBC public website; redistribution terms not separately confirmed,unknown,Official monetary policy implementation report PDF.
pbc_report_2012Q3,中国人民银行,https://www.pbc.gov.cn/eportal/fileDir/image_public/UserFiles/goutongjiaoliu/upload/File/2012年第三季度货币政策执行报告.pdf,requests download from PBC PDF attachment,2026-06-19T17:11:42+08:00,2012Q3,2012Q3,data\raw\pbc_reports\2012Q3_2012年第三季度中国货币政策执行报告.pdf,10b549f57e1f9b9b5909ca790d8acf4ec995d3363ec62bc7160f8cb741285700,PBC public website; redistribution terms not separately confirmed,unknown,Official monetary policy implementation report PDF.
pbc_report_2012Q4,中国人民银行,https://www.pbc.gov.cn/eportal/fileDir/image_public/UserFiles/goutongjiaoliu/upload/File/2012年第四季度中国货币政策执行报告.pdf,requests download from PBC PDF attachment,2026-06-19T17:11:42+08:00,2012Q4,2012Q4,data\raw\pbc_reports\2012Q4_2012年第四季度中国货币政策执行报告.pdf,1d8c664a3db9f1bc2d90611029d016654eff5fbf97cca81aaa7f975b01714372,PBC public website; redistribution terms not separately confirmed,unknown,Official monetary policy implementation report PDF.
pbc_report_2013Q1,中国人民银行,https://www.pbc.gov.cn/eportal/fileDir/image_public/UserFiles/goutongjiaoliu/upload/File/2013年第一季度货币政策执行报告.pdf,requests download from PBC PDF attachment,2026-06-19T17:11:42+08:00,2013Q1,2013Q1,data\raw\pbc_reports\2013Q1_2013年第一季度中国货币政策执行报告.pdf,b6455bc76237015cfdbf0605878f0ae5b9646b05110270fb096e29f267f6927b,PBC public website; redistribution terms not separately confirmed,unknown,Official monetary policy implementation report PDF.
pbc_report_2013Q2,中国人民银行,https://www.pbc.gov.cn/eportal/fileDir/image_public/UserFiles/goutongjiaoliu/upload/File/2013年第二季度货币政策执行报告.pdf,requests download from PBC PDF attachment,2026-06-19T17:11:42+08:00,2013Q2,2013Q2,data\raw\pbc_reports\2013Q2_2013年第二季度中国货币政策执行报告.pdf,fb59ac6f2e469512abaf5bd20275f0e87e0f8b9514b1c4c371e5a79367fb2623,PBC public website; redistribution terms not separately confirmed,unknown,Official monetary policy implementation report PDF.
pbc_report_2013Q3,中国人民银行,https://www.pbc.gov.cn/eportal/fileDir/image_public/UserFiles/goutongjiaoliu/upload/File/2013%E5%B9%B4%E7%AC%AC%E4%B8%89%E5%AD%A3%E5%BA%A6%E8%B4%A7%E6%94%BF%E6%8A%A5%E5%91%8A.pdf,requests download from PBC PDF attachment,2026-06-19T17:11:42+08:00,2013Q3,2013Q3,data\raw\pbc_reports\2013Q3_2013年第三季度中国货币政策执行报告.pdf,fc1c749a828b941a629a430a80617920773c41115ea683538f0517b6971a7a17,PBC public website; redistribution terms not separately confirmed,unknown,Official monetary policy implementation report PDF.
pbc_report_2013Q4,中国人民银行,https://www.pbc.gov.cn/eportal/fileDir/image_public/UserFiles/zhengcehuobisi/upload/File/2013年第四季度中国货币政策执行报告(1).pdf,requests download from PBC PDF attachment,2026-06-19T17:11:42+08:00,2013Q4,2013Q4,data\raw\pbc_reports\2013Q4_2013年第四季度中国货币政策执行报告.pdf,dc7afb59a92ca6b03f329d40991e583765390262dd08dc1594d2b3336fed5969,PBC public website; redistribution terms not separately confirmed,unknown,Official monetary policy implementation report PDF.
pbc_report_2014Q1,中国人民银行,https://www.pbc.gov.cn/eportal/fileDir/image_public/UserFiles/goutongjiaoliu/upload/File/2014年第一季度中国货币政策执行报告.pdf,requests download from PBC PDF attachment,2026-06-19T17:11:42+08:00,2014Q1,2014Q1,data\raw\pbc_reports\2014Q1_2014年第一季度中国货币政策执行报告.pdf,b8cfc8259daa450fb84605019efdde0c399ce409efff96c6b9012737d4ed4bbf,PBC public website; redistribution terms not separately confirmed,unknown,Official monetary policy implementation report PDF.
pbc_report_2014Q2,中国人民银行,https://www.pbc.gov.cn/eportal/fileDir/image_public/UserFiles/goutongjiaoliu/upload/File/2014年第二季度中国货币政策执行报告.pdf,requests download from PBC PDF attachment,2026-06-19T17:11:42+08:00,2014Q2,2014Q2,data\raw\pbc_reports\2014Q2_2014年第二季度中国货币政策执行报告.pdf,77e262baf3774d46eefce313243b501898e34907102c1dbbd2e643855ce22f58,PBC public website; redistribution terms not separately confirmed,unknown,Official monetary policy implementation report PDF.
pbc_report_2014Q3,中国人民银行,https://www.pbc.gov.cn/eportal/fileDir/image_public/UserFiles/goutongjiaoliu/upload/File/2014年第三季度中国货币政策执行报告.pdf,requests download from PBC PDF attachment,2026-06-19T17:11:42+08:00,2014Q3,2014Q3,data\raw\pbc_reports\2014Q3_2014年第三季度中国货币政策执行报告.pdf,c540d9aafa1320ca68a81cb65d834ffb669de5893dafd424c6879a9b306661ad,PBC public website; redistribution terms not separately confirmed,unknown,Official monetary policy implementation report PDF.
pbc_report_2014Q4,中国人民银行,https://www.pbc.gov.cn/eportal/fileDir/image_public/UserFiles/goutongjiaoliu/upload/File/2014年第四季度中国货币政策执行报告.pdf,requests download from PBC PDF attachment,2026-06-19T17:11:42+08:00,2014Q4,2014Q4,data\raw\pbc_reports\2014Q4_2014年第四季度中国货币政策执行报告.pdf,4c9801c3338c5e42c6e0b72c45af573630e78e60db24d8c5a43cebbf55ad1a2c,PBC public website; redistribution terms not separately confirmed,unknown,Official monetary policy implementation report PDF.
pbc_report_2015Q1,中国人民银行,https://www.pbc.gov.cn/eportal/fileDir/image_public/UserFiles/goutongjiaoliu/upload/File/2015年第一季度中国货币政策执行报告（定稿）.pdf,requests download from PBC PDF attachment,2026-06-19T17:11:42+08:00,2015Q1,2015Q1,data\raw\pbc_reports\2015Q1_2015年第一季度中国货币政策执行报告.pdf,9521b3cbeb5acf00853b5b4968a045bffd66ddd9a8bedcbd83a7a41ac30bceb1,PBC public website; redistribution terms not separately confirmed,unknown,Official monetary policy implementation report PDF.
pbc_report_2015Q2,中国人民银行,https://www.pbc.gov.cn/goutongjiaoliu/113456/113469/2025092212542928587/2015081010063854823.pdf,requests download from PBC PDF attachment,2026-06-19T17:11:42+08:00,2015Q2,2015Q2,data\raw\pbc_reports\2015Q2_2015年第二季度中国货币政策执行报告.pdf,561eb7a91634f11285ce7827f65d585c80bc63a0dad9cd6125dc6a55c5aa1bdb,PBC public website; redistribution terms not separately confirmed,unknown,Official monetary policy implementation report PDF.
pbc_report_2015Q3,中国人民银行,https://www.pbc.gov.cn/zhengcehuobisi/125207/125227/125957/2161441/4e34b7dafed8490d8612a70b893f479f/2015110619161324598.pdf,requests download from PBC PDF attachment,2026-06-19T17:11:42+08:00,2015Q3,2015Q3,data\raw\pbc_reports\2015Q3_2015年第三季度中国货币政策执行报告.pdf,d7cb2c71ed91a1e87fb5fb14f39868da66d3ad94a3033152fc85f832e1d47900,PBC public website; redistribution terms not separately confirmed,unknown,Official monetary policy implementation report PDF.
pbc_report_2015Q4,中国人民银行,https://www.pbc.gov.cn/zhengcehuobisi/125207/125227/125957/2161441/07e374fc36eb4328a61ce40bc4bf5a92/2016020614180047455.pdf,requests download from PBC PDF attachment,2026-06-19T17:11:42+08:00,2015Q4,2015Q4,data\raw\pbc_reports\2015Q4_2015年第四季度中国货币政策执行报告.pdf,0b2c9718e12adb7a6caa080587d3e8e6366f49c12f262fee1630cb7e85770c1a,PBC public website; redistribution terms not separately confirmed,unknown,Official monetary policy implementation report PDF.
pbc_report_2016Q1,中国人民银行,https://www.pbc.gov.cn/goutongjiaoliu/attachDir/2026/02/2026021219242718411.pdf,requests download from PBC PDF attachment,2026-06-19T17:11:42+08:00,2016Q1,2016Q1,data\raw\pbc_reports\2016Q1_2016年第一季度中国货币政策执行报告.pdf,e3f4ea2e00e7dc0730909262531a376444f2bce9bf0081419e8b32604071bb66,PBC public website; redistribution terms not separately confirmed,unknown,Official monetary policy implementation report PDF.
pbc_report_2016Q2,中国人民银行,https://www.pbc.gov.cn/goutongjiaoliu/attachDir/2026/02/2026021219263577781.pdf,requests download from PBC PDF attachment,2026-06-19T17:11:42+08:00,2016Q2,2016Q2,data\raw\pbc_reports\2016Q2_2016年第二季度中国货币政策执行报告.pdf,be6a9cf1deefbc9d6f8a0e2e083b7c133653b30d02fca774f5ad00929b8e7b31,PBC public website; redistribution terms not separately confirmed,unknown,Official monetary policy implementation report PDF.
pbc_report_2016Q3,中国人民银行,https://www.pbc.gov.cn/zhengcehuobisi/125207/125227/125957/3066656/61ed5a0548c542428584bccc244c9d5c/2016110818532756152.pdf,requests download from PBC PDF attachment,2026-06-19T17:11:42+08:00,2016Q3,2016Q3,data\raw\pbc_reports\2016Q3_2016年第三季度中国货币政策执行报告.pdf,cc8f3dbd284d00474d1442a00690a62c03ea85a2f6d1877bce515d8d71eb6479,PBC public website; redistribution terms not separately confirmed,unknown,Official monetary policy implementation report PDF.
pbc_report_2016Q4,中国人民银行,https://www.pbc.gov.cn/zhengcehuobisi/125207/125227/125957/3066656/9f140965cb464e3bbd1904a84e5d7cde/2017021719463365852.pdf,requests download from PBC PDF attachment,2026-06-19T17:11:42+08:00,2016Q4,2016Q4,data\raw\pbc_reports\2016Q4_2016年第四季度中国货币政策执行报告.pdf,6bb454ecfcf07cc0bae457c30bc6b2cdebf8a95960cdb958d61540952268969d,PBC public website; redistribution terms not separately confirmed,unknown,Official monetary policy implementation report PDF.
pbc_report_2017Q1,中国人民银行,https://www.pbc.gov.cn/zhengcehuobisi/125207/125227/125957/3307990/f0b7f194d7a64548be1fa3aafbd5afd2/2017051310260490469.pdf,requests download from PBC PDF attachment,2026-06-19T17:11:42+08:00,2017Q1,2017Q1,data\raw\pbc_reports\2017Q1_2017年第一季度中国货币政策执行报告.pdf,bcb48a254c79d4f6f2d0f7d7dba424bd117def88a96c48f327168564050db171,PBC public website; redistribution terms not separately confirmed,unknown,Official monetary policy implementation report PDF.
pbc_report_2017Q2,中国人民银行,https://www.pbc.gov.cn/zhengcehuobisi/125207/125227/125957/3307990/9bc9c93da8bb484ca0c0e6c5f6b340ac/2017081120382279077.pdf,requests download from PBC PDF attachment,2026-06-19T17:11:42+08:00,2017Q2,2017Q2,data\raw\pbc_reports\2017Q2_2017年第二季度中国货币政策执行报告.pdf,a96e1b6eedd482d70beee24e2dc6c11f42955be2d5668ebfc8356b46e073fdc7,PBC public website; redistribution terms not separately confirmed,unknown,Official monetary policy implementation report PDF.
pbc_report_2017Q3,中国人民银行,https://www.pbc.gov.cn/zhengcehuobisi/125207/125227/125957/3307990/276b9e82b6be48838149ecb311300ffe/2017111722303484177.pdf,requests download from PBC PDF attachment,2026-06-19T17:11:42+08:00,2017Q3,2017Q3,data\raw\pbc_reports\2017Q3_2017年第三季度中国货币政策执行报告.pdf,3e4662bd54f69f61b62c061dbe4dfa80493be36cb34547a0b657d4b315f99303,PBC public website; redistribution terms not separately confirmed,unknown,Official monetary policy implementation report PDF.
pbc_report_2017Q4,中国人民银行,https://www.pbc.gov.cn/zhengcehuobisi/125207/125227/125957/3307990/4fb4583e076a4347bea80eee7da3dc92/2018021417311593282.pdf,requests download from PBC PDF attachment,2026-06-19T17:11:42+08:00,2017Q4,2017Q4,data\raw\pbc_reports\2017Q4_2017年第四季度中国货币政策执行报告.pdf,12c53e3bbc027b70beff838cb3381122aad1b8a64c2f335c5f27398c740a50fd,PBC public website; redistribution terms not separately confirmed,unknown,Official monetary policy implementation report PDF.
pbc_report_2018Q1,中国人民银行,https://www.pbc.gov.cn/zhengcehuobisi/125207/125227/125957/3537682/53003f83ca094cbbab9a5c6440dd148e/2018051717143540409.pdf,requests download from PBC PDF attachment,2026-06-19T17:11:42+08:00,2018Q1,2018Q1,data\raw\pbc_reports\2018Q1_2018年第一季度中国货币政策执行报告.pdf,2198ecbc7871f7539fd21f53fdfe18f535c2b0fadba9a66be6d63cbc848493a5,PBC public website; redistribution terms not separately confirmed,unknown,Official monetary policy implementation report PDF.
pbc_report_2018Q2,中国人民银行,https://www.pbc.gov.cn/zhengcehuobisi/125207/125227/125957/3537682/5dad7896c1c945c5be61518cb4a06605/2018081021363898908.pdf,requests download from PBC PDF attachment,2026-06-19T17:11:42+08:00,2018Q2,2018Q2,data\raw\pbc_reports\2018Q2_2018年第二季度中国货币政策执行报告.pdf,805c74a9fb8248b06a63872348d2361e0f0ea709551fd4beafd8ec7e9bbaee2a,PBC public website; redistribution terms not separately confirmed,unknown,Official monetary policy implementation report PDF.
pbc_report_2018Q3,中国人民银行,https://www.pbc.gov.cn/zhengcehuobisi/125207/125227/125957/3537682/2f27ca9be95f415ab75e6f597b93e167/2018110922231961722.pdf,requests download from PBC PDF attachment,2026-06-19T17:11:42+08:00,2018Q3,2018Q3,data\raw\pbc_reports\2018Q3_2018年第三季度中国货币政策执行报告.pdf,afa5fe5cfe20f4efd491c70e72ff9e32325a6a404e682cbe562bc9d98e005e92,PBC public website; redistribution terms not separately confirmed,unknown,Official monetary policy implementation report PDF.
pbc_report_2018Q4,中国人民银行,https://www.pbc.gov.cn/zhengcehuobisi/125207/125227/125957/3537682/f8d2bf5c14f940bcb7c8bf81df786d89/2019022119340790088.pdf,requests download from PBC PDF attachment,2026-06-19T17:11:42+08:00,2018Q4,2018Q4,data\raw\pbc_reports\2018Q4_2018年第四季度中国货币政策执行报告.pdf,31c9431a70f90bcdda609425e6fa78cd15081037fdc295881084273597eef406,PBC public website; redistribution terms not separately confirmed,unknown,Official monetary policy implementation report PDF.
pbc_report_2019Q1,中国人民银行,https://www.pbc.gov.cn/zhengcehuobisi/125207/125227/125957/3830536/e0d70bbde6d34378bde1fcc3713126ec/2019051720074058265.pdf,requests download from PBC PDF attachment,2026-06-19T17:11:42+08:00,2019Q1,2019Q1,data\raw\pbc_reports\2019Q1_2019年第一季度中国货币政策执行报告.pdf,aa18fa8ed4bf330475816864b08ff65f27e9a68c7ba72b0ae5cde261ad4ec563,PBC public website; redistribution terms not separately confirmed,unknown,Official monetary policy implementation report PDF.
pbc_report_2019Q2,中国人民银行,https://www.pbc.gov.cn/zhengcehuobisi/125207/125227/125957/3830536/51f3cba3238746d6bce56101159d931e/2019080921013757815.pdf,requests download from PBC PDF attachment,2026-06-19T17:11:42+08:00,2019Q2,2019Q2,data\raw\pbc_reports\2019Q2_2019年第二季度中国货币政策执行报告.pdf,542cc6789a326549a584f1820986117707cf842657cf5f2c8b2110247c32046d,PBC public website; redistribution terms not separately confirmed,unknown,Official monetary policy implementation report PDF.
pbc_report_2019Q3,中国人民银行,https://www.pbc.gov.cn/zhengcehuobisi/125207/125227/125957/3830536/ed13cc6378964d7eb67a85649b922cd4/2019111521260575804.pdf,requests download from PBC PDF attachment,2026-06-19T17:11:42+08:00,2019Q3,2019Q3,data\raw\pbc_reports\2019Q3_2019年第三季度中国货币政策执行报告.pdf,13158a5878bdf0cc317118decefb61b31686010f73ee391c55932db9ba00cf16,PBC public website; redistribution terms not separately confirmed,unknown,Official monetary policy implementation report PDF.
pbc_report_2019Q4,中国人民银行,http://www.pbc.gov.cn/goutongjiaoliu/113456/113469/3974306/2020021915550328541.pdf,requests download from PBC PDF attachment,2026-06-19T17:11:42+08:00,2019Q4,2019Q4,data\raw\pbc_reports\2019Q4_2019年第四季度中国货币政策执行报告.pdf,e5df0ac4843a17a2e686514a764b8c0be7e33c9664b085ca69e847f7c7a6f825,PBC public website; redistribution terms not separately confirmed,unknown,Official monetary policy implementation report PDF.
pbc_report_2020Q1,中国人民银行,https://www.pbc.gov.cn/zhengcehuobisi/125207/125227/125957/4021036/bf7154524a46409f866ef725fabee702/2020050922062289404.pdf,requests download from PBC PDF attachment,2026-06-19T17:11:42+08:00,2020Q1,2020Q1,data\raw\pbc_reports\2020Q1_2020年第一季度中国货币政策执行报告.pdf,8fa2bb148ab854961dc6d54cb3ea32b0f0ce6ad8ad88e8a254ee9ab7e7ea1034,PBC public website; redistribution terms not separately confirmed,unknown,Official monetary policy implementation report PDF.
pbc_report_2020Q2,中国人民银行,https://www.pbc.gov.cn/zhengcehuobisi/125207/125227/125957/4021036/c4d5506cdc934984b4507cce3a9d6ae4/2020080617373334147.pdf,requests download from PBC PDF attachment,2026-06-19T17:11:42+08:00,2020Q2,2020Q2,data\raw\pbc_reports\2020Q2_2020年第二季度中国货币政策执行报告.pdf,cc1dd16690d87e34051e3265cb5bdf1ae8da6d534b90f18170ca4a8402a0c128,PBC public website; redistribution terms not separately confirmed,unknown,Official monetary policy implementation report PDF.
pbc_report_2020Q3,中国人民银行,https://www.pbc.gov.cn/zhengcehuobisi/125207/125227/125957/4021036/d929ef3e77c149d5adf1c87316825101/2020112615473038246.pdf,requests download from PBC PDF attachment,2026-06-19T17:11:42+08:00,2020Q3,2020Q3,data\raw\pbc_reports\2020Q3_2020年第三季度中国货币政策执行报告.pdf,a1d75d96fe0dfc0ec26fdb039ad60739fa3835037d903e75a1f5b4b75edb7c0f,PBC public website; redistribution terms not separately confirmed,unknown,Official monetary policy implementation report PDF.
pbc_report_2020Q4,中国人民银行,https://www.pbc.gov.cn/zhengcehuobisi/125207/125227/125957/4021036/8d39aa9d730046c896289d17c09346d2/2021020821282167078.pdf,requests download from PBC PDF attachment,2026-06-19T17:11:42+08:00,2020Q4,2020Q4,data\raw\pbc_reports\2020Q4_2020年第四季度中国货币政策执行报告.pdf,54c3215d99b1a07c59115182e5ae630857936d367b2c397805fbe23ca8aaf295,PBC public website; redistribution terms not separately confirmed,unknown,Official monetary policy implementation report PDF.
pbc_report_2021Q1,中国人民银行,https://www.pbc.gov.cn/zhengcehuobisi/125207/125227/125957/4246985/f13557ddebc344d2951a8c6b24a1ad1b/2021051118023165538.pdf,requests download from PBC PDF attachment,2026-06-19T17:11:42+08:00,2021Q1,2021Q1,data\raw\pbc_reports\2021Q1_2021年第一季度中国货币政策执行报告.pdf,647831f08e3308dfa159d6b2c533db3c68f878779dfce13507b3e74b99f7e7b0,PBC public website; redistribution terms not separately confirmed,unknown,Official monetary policy implementation report PDF.
pbc_report_2021Q2,中国人民银行,https://www.pbc.gov.cn/goutongjiaoliu/fileDir/resource/cms/2021/08/2021081015495988989.pdf,requests download from PBC PDF attachment,2026-06-19T17:11:42+08:00,2021Q2,2021Q2,data\raw\pbc_reports\2021Q2_2021年第二季度中国货币政策执行报告.pdf,ab88c6ebd9448b079d84e34b07e3e278e59b4d2d3c6fc5da26a5b6ccd8f45fa6,PBC public website; redistribution terms not separately confirmed,unknown,Official monetary policy implementation report PDF.
pbc_report_2021Q3,中国人民银行,https://www.pbc.gov.cn/zhengcehuobisi/125207/125227/125957/4246985/a44fb8cdcea94ddbaa661a88938b5337/2021111919371343936.pdf,requests download from PBC PDF attachment,2026-06-19T17:11:42+08:00,2021Q3,2021Q3,data\raw\pbc_reports\2021Q3_2021年第三季度中国货币政策执行报告.pdf,5060c4377a5ea71f3993a54c5cb4bbcb77b801b8c67dab7575bbe17f2acfa20a,PBC public website; redistribution terms not separately confirmed,unknown,Official monetary policy implementation report PDF.
pbc_report_2021Q4,中国人民银行,https://www.pbc.gov.cn/zhengcehuobisi/125207/125227/125957/4246985/75d90372c9174bde9287c2c30935b477/2022021119311841777.pdf,requests download from PBC PDF attachment,2026-06-19T17:11:42+08:00,2021Q4,2021Q4,data\raw\pbc_reports\2021Q4_2021年第四季度中国货币政策执行报告.pdf,357a207ab30677ae9dab439d44a3b1207a681895f93f30a0b71902ed1604e050,PBC public website; redistribution terms not separately confirmed,unknown,Official monetary policy implementation report PDF.
pbc_report_2022Q1,中国人民银行,https://www.pbc.gov.cn/zhengcehuobisi/125207/125227/125957/4584071/b455ea168faa400199173a3f02bd2db1/2022050917023223026.pdf,requests download from PBC PDF attachment,2026-06-19T17:11:42+08:00,2022Q1,2022Q1,data\raw\pbc_reports\2022Q1_2022年第一季度中国货币政策执行报告.pdf,ab7d65c04b398fcada79677485cec9cf5a5416b05a1df506319c427fac7549e5,PBC public website; redistribution terms not separately confirmed,unknown,Official monetary policy implementation report PDF.
pbc_report_2022Q2,中国人民银行,https://www.pbc.gov.cn/zhengcehuobisi/125207/125227/125957/4584071/2605ad0a2ae24eae961851ce56cce8f9/2022081019122441515.pdf,requests download from PBC PDF attachment,2026-06-19T17:11:42+08:00,2022Q2,2022Q2,data\raw\pbc_reports\2022Q2_2022年第二季度中国货币政策执行报告.pdf,aec3cfd9f85e070d4a9a5357e88d348051a2b67a26f10d4aee28090ca3339bb6,PBC public website; redistribution terms not separately confirmed,unknown,Official monetary policy implementation report PDF.
pbc_report_2022Q3,中国人民银行,https://www.pbc.gov.cn/zhengcehuobisi/125207/125227/125957/4584071/41e6caf3396f4e96b37f400bfa148b6d/2022111619490056498.pdf,requests download from PBC PDF attachment,2026-06-19T17:11:42+08:00,2022Q3,2022Q3,data\raw\pbc_reports\2022Q3_2022年第三季度中国货币政策执行报告.pdf,80709b6c4572a78351347a7553207a5a8283d76965c2e3ef7c8048712a7f9c0b,PBC public website; redistribution terms not separately confirmed,unknown,Official monetary policy implementation report PDF.
pbc_report_2022Q4,中国人民银行,https://www.pbc.gov.cn/zhengcehuobisi/125207/125227/125957/4584071/d7e45aa7d98c4664a9a6c2393d16787d/2023022418125754970.pdf,requests download from PBC PDF attachment,2026-06-19T17:11:42+08:00,2022Q4,2022Q4,data\raw\pbc_reports\2022Q4_2022年第四季度中国货币政策执行报告.pdf,4a72a20428f8cf29dc76ccab5420d910a59f236d209ad55c3f9ecc01faa9afe7,PBC public website; redistribution terms not separately confirmed,unknown,Official monetary policy implementation report PDF.
pbc_report_2023Q1,中国人民银行,https://www.pbc.gov.cn/zhengcehuobisi/125207/125227/125957/4883187/487332be0c8c434aa096b8f5b8c9d66d/2023051516242315765.pdf,requests download from PBC PDF attachment,2026-06-19T17:11:42+08:00,2023Q1,2023Q1,data\raw\pbc_reports\2023Q1_2023年第一季度中国货币政策执行报告.pdf,8dbf9088eb5e9c22d0dfe037deaf0979dd7c57c3683fa593f4832c3b210aca9d,PBC public website; redistribution terms not separately confirmed,unknown,Official monetary policy implementation report PDF.
pbc_report_2023Q2,中国人民银行,https://www.pbc.gov.cn/zhengcehuobisi/125207/125227/125957/4883187/e6dc129d48d9474cb6455691eee05766/2023081717054357626.pdf,requests download from PBC PDF attachment,2026-06-19T17:11:42+08:00,2023Q2,2023Q2,data\raw\pbc_reports\2023Q2_2023年第二季度中国货币政策执行报告.pdf,2429b7cc003fcea3aacf1b107529e0c37c10cde4c6b08cfa92354df09e9198fa,PBC public website; redistribution terms not separately confirmed,unknown,Official monetary policy implementation report PDF.
pbc_report_2023Q3,中国人民银行,https://www.pbc.gov.cn/zhengcehuobisi/125207/125227/125957/4883187/1f14dbe28ec4408cbf45cee06f86808a/2023112817393565251.pdf,requests download from PBC PDF attachment,2026-06-19T17:11:42+08:00,2023Q3,2023Q3,data\raw\pbc_reports\2023Q3_2023年第三季度中国货币政策执行报告.pdf,60ad3e29e905a9f405e70733cb1ddeffa41fdcc6b9dcbe962e462b2422a2d455,PBC public website; redistribution terms not separately confirmed,unknown,Official monetary policy implementation report PDF.
pbc_report_2023Q4,中国人民银行,https://www.pbc.gov.cn/zhengcehuobisi/125207/125227/125957/4883187/cd2196ad2fdf454a9207100c4acff45e/2024030610591528512.pdf,requests download from PBC PDF attachment,2026-06-19T17:11:42+08:00,2023Q4,2023Q4,data\raw\pbc_reports\2023Q4_2023年第四季度中国货币政策执行报告.pdf,c34996250367ae9535c0bb0992f5a048c81e3bc42976ae445950fadde77b6969,PBC public website; redistribution terms not separately confirmed,unknown,Official monetary policy implementation report PDF.
pbc_report_2024Q1,中国人民银行,https://www.pbc.gov.cn/zhengcehuobisi/125207/125227/125957/5347949/4fcccad1c1b342c18c1832aa7469cac1/2024051109091110942.pdf,requests download from PBC PDF attachment,2026-06-19T17:11:42+08:00,2024Q1,2024Q1,data\raw\pbc_reports\2024Q1_2024年第一季度中国货币政策执行报告.pdf,47f20faeab5f882c80cd1f2b8219faf09f7d0c35e86c7218c0d85c219d61d5d9,PBC public website; redistribution terms not separately confirmed,unknown,Official monetary policy implementation report PDF.
pbc_report_2024Q2,中国人民银行,https://www.pbc.gov.cn/zhengcehuobisi/125207/125227/125957/5347949/2025100917195573922/2025081217013923839.pdf,requests download from PBC PDF attachment,2026-06-19T17:11:42+08:00,2024Q2,2024Q2,data\raw\pbc_reports\2024Q2_2024年第二季度中国货币政策执行报告.pdf,5dd608c82394892c32a5d0d1d78fef401f3595e8122d6a0d6cfe4652c17101d2,PBC public website; redistribution terms not separately confirmed,unknown,Official monetary policy implementation report PDF.
pbc_report_2024Q3,中国人民银行,https://www.pbc.gov.cn/zhengcehuobisi/125207/125227/125957/5347949/afbfa5df25ee45889d916a2819b60a43/2024110815410752868.pdf,requests download from PBC PDF attachment,2026-06-19T17:11:42+08:00,2024Q3,2024Q3,data\raw\pbc_reports\2024Q3_2024年第三季度中国货币政策执行报告.pdf,f8ee17abecc3b628f99c8d87b7867a6eb355f55c4e646854b2472b397da95481,PBC public website; redistribution terms not separately confirmed,unknown,Official monetary policy implementation report PDF.
pbc_report_2024Q4,中国人民银行,https://www.pbc.gov.cn/zhengcehuobisi/125207/125227/125957/5347949/ad0bc3efe0234fed8cc6260a134a6e95/2025022618190099812.pdf,requests download from PBC PDF attachment,2026-06-19T17:11:42+08:00,2024Q4,2024Q4,data\raw\pbc_reports\2024Q4_2024年第四季度中国货币政策执行报告.pdf,1a642956b21b758c04ae002a2eda12e12d64a4c00ff7a2e39201e75e9ba73ea3,PBC public website; redistribution terms not separately confirmed,unknown,Official monetary policy implementation report PDF.
pbc_report_2025Q1,中国人民银行,https://www.pbc.gov.cn/zhengcehuobisi/125207/125227/125957/f5c4690f2cbd40918bf24c2d39ac58af/2025091218344076234/2025081517321679368.pdf,requests download from PBC PDF attachment,2026-06-19T17:11:42+08:00,2025Q1,2025Q1,data\raw\pbc_reports\2025Q1_2025年第一季度中国货币政策执行报告.pdf,ca0d0af85241dbde98f21bc9442120fe2c4bd944999555ac27668c4277d26408,PBC public website; redistribution terms not separately confirmed,unknown,Official monetary policy implementation report PDF.
pbc_report_2025Q2,中国人民银行,https://www.pbc.gov.cn/zhengcehuobisi/125207/125227/125957/f5c4690f2cbd40918bf24c2d39ac58af/b3e8c1a2b07d4facb38f4a7426415252/2025081819132397368.pdf,requests download from PBC PDF attachment,2026-06-19T17:11:42+08:00,2025Q2,2025Q2,data\raw\pbc_reports\2025Q2_2025年第二季度中国货币政策执行报告.pdf,6c456ec683bb622c61eafbad95da6125739f739a0432e31156f61dbdbaea7fb2,PBC public website; redistribution terms not separately confirmed,unknown,Official monetary policy implementation report PDF.
pbc_report_2025Q3,中国人民银行,https://www.pbc.gov.cn/zhengcehuobisi/125207/125227/125957/f5c4690f2cbd40918bf24c2d39ac58af/2025111413250965929/2025111111175096136.pdf,requests download from PBC PDF attachment,2026-06-19T17:11:42+08:00,2025Q3,2025Q3,data\raw\pbc_reports\2025Q3_2025年第三季度中国货币政策执行报告.pdf,9dcadcf181f1c8333e6493151d6893fcf8da50b03e5fa2bf195336b8dd8637b0,PBC public website; redistribution terms not separately confirmed,unknown,Official monetary policy implementation report PDF.
pbc_report_2025Q4,中国人民银行,https://www.pbc.gov.cn/goutongjiaoliu/attachDir/2026/02/2026021019001885059.pdf,requests download from PBC PDF attachment,2026-06-19T17:11:42+08:00,2025Q4,2025Q4,data\raw\pbc_reports\2025Q4_2025年第四季度中国货币政策执行报告.pdf,1406e9f5aee0667643dd7fadb9b88a3fc98a38eb4b49ad9bca2bb3d1b1ccf751,PBC public website; redistribution terms not separately confirmed,unknown,Official monetary policy implementation report PDF.
pbc_report_2026Q1,中国人民银行,https://www.pbc.gov.cn/zhengcehuobisi/125207/125227/125957/2026nhbzczxbg/2026052015172981527/2026052015172957468.pdf,requests download from PBC PDF attachment,2026-06-19T17:11:42+08:00,2026Q1,2026Q1,data\raw\pbc_reports\2026Q1_2026年第一季度中国货币政策执行报告.pdf,4bf30078e68f4b53edec63df5446b9449ea16c1a1a6f394b89a24ce62b486e13,PBC public website; redistribution terms not separately confirmed,unknown,Official monetary policy implementation report PDF.
chinabond_government_yield_full,中央国债登记结算有限责任公司/中债估值中心,https://yield.chinabond.com.cn/cbweb-mn/yield_main?locale=zh_cN,Python pipeline,2026-06-19T17:11:42+08:00,2006-03-01,2026-06-18,data/processed/government_bond_yields.csv,3f3c19c8ba6e99faa5371bf837102fcce50fa52e8339efda4f996f0ec3fe2e87,Public query/interface; redistribution not assumed unless official terms allow it,unknown_or_restricted,Processed 1Y/5Y/10Y ChinaBond government yields; source raw file retained under data/raw/market.
csi300_daily_full,第三方财经接口，经 AkShare 获取,https://akshare.akfamily.xyz/data/index/index.html,Python pipeline,2026-06-19T17:11:42+08:00,2002-01-04,2026-06-18,data/processed/csi300_daily.csv,958a79f6096e0b678b25cf866b7ffeff068d69c4a0dbc7baf8803e76d758f3e2,Public query/interface; redistribution not assumed unless official terms allow it,unknown_or_restricted,CSI300 daily index data for auxiliary equity calendar and exploratory analysis.
policy_operations_public_interfaces,AkShare public macro interfaces; original sources require Phase 2/3 cross-check,https://akshare.akfamily.xyz/data/macro/macro.html,Python pipeline,2026-06-19T17:11:42+08:00,2006-04-28,2025-05-20,data/processed/policy_operations.csv,972a909e466d78b2c99f6d905c50c76460ccd4dafa45825564c0481a649ff071,Public query/interface; redistribution not assumed unless official terms allow it,unknown_or_restricted,RRR and rate/LPR changes from public interfaces; MLF/OMO full official list remains a P1 enhancement.
